DateTime,DeltaT,BlockStatus,MessageType,Bus,Rx_cmd,Tx_cmd,Tx_status,Rx_status,word_count,datawords,word0,word1,word2,word3,word4,word5,word6,word7,word8,word9,word10,word11,word12,word13,word14,word15,word16,word17,word18,word19,word20,word21,word22,word23,word24,word25,word26,word27,word28,word29,word30,word31
00:00:00,37.222,2,8000,BC->RT,B,ABC0 04-T-44-31,ABC0 04-T-44-31-->,0,0,32,0x2CFC,0x9595,0xCA88,0x3895,0xC37D,0x4C39,0x417F,0xB3CB,0x44F2,0x5D41,0xFB66,0x7316,0xB6B2,0xA6CE,0x4DEA,0x9A84,0xA31C,0x4346,0xA3BD,0x9B9C,0x341B,0x1136,0x2394,0x378E,0x2003,0x92D1,0x821E,0x5579,0x2A13,0x3C35,0xE8AE,0xAA75
00:00:37,75.249,2,8000,BC->RT,A,5BC0 05-T-61-55,5BC0 05-T-61-55-->,0,0,32,0x837F,0xFEA4,0x33B4,0x7C95,0x4A0E,0x0FE1,0x3FC9,0x3D04,0x9622,0x3CB5,0xFEE6,0xAC6C,0xDEAD,0x6498,0x0FD7,0xF860,0xA7E7,0x99CE,0x80B2,0x0CFD,0x19D9,0xED6D,0xAFA5,0xA512,0xCB2D,0x23C4,0x5B71,0xA96B,0x3C5D,0x5A5F,0x69EF,0xEBB6
00:01:52,48.292,2,8000,BC->RT,B,CBC0 09-T-72-74,CBC0 09-T-72-74-->,800,0,32,0x83FD,0x7C60,0x19F2,0xEED7,0x1077,0x7AED,0x52B9,0x6473,0x9534,0x2014,0xF345,0x5D83,0x5DC7,0x21CB,0x5940,0x1033,0xBA3A,0xD173,0xE80A,0x6FEB,0x6072,0x1CD9,0x23D7,0x2769,0x8AC3,0x3122,0x758D,0x2CF0,0xC7BE,0xE2B3,0x775A,0x5A5A
00:02:40,84.455,2,8000,RT->BC,C,3BC0 08-T-55-35,3BC0 08-T-55-35-->,800,0,32,0xC565,0x01EB,0x6C13,0x6F82,0xF926,0xBEEF,0x8E40,0x002D,0xD720,0xB9A2,0x608F,0xBD55,0x89F0,0xD67B,0x60A4,0x53CB,0x9110,0x9611,0x42D1,0x61F0,0xA547,0xE1E9,0x3DC7,0x6101,0x442F,0x4B54,0x9A03,0x12D2,0x6BFE,0x26FB,0x3652,0x60EE
00:04:04,60.047,1,8000,RT->AB,A,0BC0 03-T-41-30,0BC0 03-T-41-30-->,300,0,32,0xAA00,0x42B7,0x1B4B,0x9CF5,0xC576,0x1DD3,0xEEC6,0x52F7,0x21D5,0x7068,0x278A,0xD686,0x18B4,0x40DA,0x6DFD,0x4C71,0x8A9F,0xB957,0x9C25,0xAD77,0xDEFF,0xF634,0xD853,0xF598,0x1693,0x4F7B,0x7E57,0x6629,0x2BA8,0xE819,0x9DC3,0x277F
00:05:04,40.783,2,8000,BC->RT,D,BBC0 05-T-57-86,BBC0 05-T-57-86-->,400,0,32,0xA9C2,0xFB8D,0xE2B3,0x7C3F,0xEBBA,0x4599,0xACDC,0xE103,0xF0CF,0xBA5B,0xFA42,0x8742,0xB9DF,0xCFAF,0x30C6,0x91C9,0x84BD,0xCCC2,0x4165,0x9C79,0xED9C,0x157F,0x7B9D,0xB0C8,0x6E35,0x9F31,0x74A6,0x9DE2,0x8761,0x3CA1,0x8A4B,0x09CF
00:05:44,69.325,1,8000,RT->AB,C,5BC0 04-T-81-60,5BC0 04-T-81-60-->,800,0,32,0x703F,0x5E41,0xD328,0x237D,0xA38A,0xC35B,0x331D,0x1BC7,0x7636,0x9E44,0xB5AC,0x98FB,0x95E3,0x92C5,0x9C69,0xE20B,0x077D,0x07F1,0xB7C1,0x8A71,0xFC5F,0x789A,0xB789,0xAE83,0xB621,0xE96A,0xEC3A,0x5CBB,0xC0DE,0x2EA3,0x32E3,0xED75
00:06:53,52.87,2,8000,RT->BA,A,FBC0 09-T-91-84,FBC0 09-T-91-84-->,100,0,32,0x1F68,0xBABD,0xD42F,0x1754,0xFF9E,0xFBF4,0x15CA,0x2AE2,0x4179,0xCAFE,0x10B8,0xCD62,0xE391,0x4B72,0xF88A,0x9BD3,0x9A96,0x7CFD,0x5D87,0xA887,0xE50C,0x0827,0x2783,0x1088,0x53C4,0x3AB3,0x9948,0x04BE,0x1CB9,0xE3E9,0xA4B0,0x91B7
00:07:45,53.475,3,8001,RT->AB,A,1BC0 10-T-64-36,1BC0 10-T-64-36-->,700,0,32,0xABA4,0x1F65,0x2AF5,0x2E62,0x09BB,0x71BD,0xDB0D,0xEE88,0x6CCA,0x0E04,0xE8FE,0xC3F2,0x6A8D,0xF6FC,0x3C90,0x86F6,0x1A7B,0x202C,0xA006,0xD307,0xA91A,0x53E6,0xFFD3,0x8DBB,0xBC82,0xF7A2,0x8B58,0x689A,0x3D69,0x217A,0xB432,0x4FCE
00:08:38,45.082,2,8001,BC->RT,D,EBC0 01-T-37-50,EBC0 01-T-37-50-->,300,0,32,0x6363,0x51BB,0x04A9,0x1337,0xE6AB,0xCB41,0xB414,0x3176,0x1B38,0xD294,0x5EAB,0x06A1,0xCE29,0x6676,0xE744,0xFEEA,0xE297,0xCC85,0x20E8,0x600C,0x3814,0xA072,0x9513,0xDD71,0x2045,0x05DA,0xC3B0,0x482C,0x247B,0x1C27,0xF4B9,0x7ECB
00:09:23,48.032,2,8000,RT->BA,A,8BC0 02-T-98-78,8BC0 02-T-98-78-->,600,0,32,0x7967,0xE6BC,0x337D,0x0ACB,0xF4FF,0x55C8,0x9377,0xA384,0x7AF6,0x2D15,0xB262,0x80CB,0x4A75,0xEB98,0x83D5,0x567A,0x667C,0x7AEB,0xF746,0xF175,0x9022,0x162B,0x4039,0x6C2F,0x8DBA,0x3CA1,0x0C24,0xAD82,0xCE6B,0x1E5F,0x3F28,0x22CF
00:10:11,43.938,2,8000,RT->BA,B,8BC0 07-T-16-26,8BC0 07-T-16-26-->,500,0,32,0x98E6,0xF00D,0x0180,0xB487,0xC566,0xE336,0x1E67,0xDDB0,0x5F49,0x19CE,0x9279,0xA3E9,0xB75D,0x696C,0xBAFE,0xD76C,0xEBED,0x56C4,0xA766,0xFE92,0x1095,0x64FF,0x767C,0x44E5,0xD94D,0xA955,0x4E16,0x7531,0xC3C8,0x12C0,0xDEE6,0x27CA
00:10:54,68.796,1,8000,BC->RT,A,BBC0 02-T-37-92,BBC0 02-T-37-92-->,700,0,32,0x8623,0x62F2,0x9AC3,0x4E56,0xED67,0xDE2B,0x632A,0x1013,0xFAFE,0xFC2B,0xA932,0x8DD5,0xAFE1,0xA0AD,0xABCE,0x317F,0xFFFC,0x518C,0x39B9,0xF013,0x8F8F,0xF3DD,0x4F94,0x3542,0xA289,0x97C1,0x8BB6,0x518A,0x6AB0,0x8105,0xC03D,0xF5C5
00:12:02,73.743,2,8000,RT->BA,A,ABC0 05-T-24-33,ABC0 05-T-24-33-->,800,0,32,0xDDDA,0x0DCB,0xEA7A,0x0F85,0xBCBA,0x7C5B,0xDEF8,0x99F0,0xB00B,0x72CB,0xE6DB,0xB52D,0x29E7,0x2B6E,0x84C8,0xF746,0x8FF5,0x0F7D,0x1C6C,0x4B18,0x8893,0x4919,0xCD10,0x632C,0xEFA8,0xD137,0xA2BC,0xEF89,0x8E34,0x89CA,0xE415,0xA95E
00:13:15,17.066,3,8000,RT->AB,B,ABC0 03-T-41-21,ABC0 03-T-41-21-->,200,0,32,0x9525,0xF787,0x6F31,0x64D7,0x267F,0x92AD,0xD9FD,0x4415,0xDEE2,0xCAC6,0xBDEF,0x92F3,0x16F8,0x8CCB,0xA264,0x6CD5,0x65B5,0x0959,0x2864,0xCCDD,0x75FD,0x4242,0xE95D,0x283E,0x8229,0x6377,0xA513,0xD5AD,0xFC78,0x9F4F,0xAB86,0x77FA
00:13:32,78.422,1,8000,BC->RT,B,2BC0 07-T-17-64,2BC0 07-T-17-64-->,900,0,32,0x6712,0x38AC,0x3053,0x6B8A,0x449B,0xCEC3,0xBB55,0xCD5D,0x4531,0x6050,0xABBA,0x0EF7,0x7C43,0xBF98,0x53BD,0xB6C5,0xC7DB,0x8916,0x06B4,0x07B3,0xC72F,0xAE35,0xE3C6,0xF0AA,0x9FBE,0x21D7,0x942C,0xDDCC,0xBC7D,0xA28E,0x43C8,0xABB0
00:14:50,22.414,2,8010,RT->AB,D,4BC0 04-T-31-20,4BC0 04-T-31-20-->,400,0,32,0xB5A6,0x1C11,0x6434,0x457B,0x26FF,0x4A8F,0x79DF,0x1927,0x6C6A,0x6050,0xED5F,0x06C8,0x2BC7,0x8DB3,0x76E3,0x57F8,0x4D92,0x94AB,0x91FA,0xD918,0x45B2,0xB839,0x2E5F,0x6E62,0xB187,0xC7A3,0xE131,0x8511,0x1D9D,0x30D2,0x58A1,0xFE94
00:15:12,71.739,2,8000,RT->AB,C,1BC0 10-T-25-23,1BC0 10-T-25-23-->,600,0,32,0xC04A,0xA8E3,0x4E91,0x39F9,0x95EE,0xC47D,0x8526,0xBEEF,0x9BDF,0x617A,0x88AA,0xF55A,0x9C2B,0x48E2,0xFB74,0xB929,0xDDED,0xE03D,0xFA35,0xDC2E,0x5765,0xEAB0,0x1F14,0x867C,0x7497,0x9511,0x2159,0x8C20,0x3DD3,0x3ED3,0x2E80,0x3E57
00:16:23,33.113,2,8000,RT->AB,C,0BC0 03-T-11-66,0BC0 03-T-11-66-->,400,0,32,0x44C3,0x01E5,0x3E5A,0xDBF6,0xBB0D,0xF7A7,0xAE67,0xE35A,0x9323,0x465C,0xC733,0xAD3B,0x09E0,0x97B5,0x43BB,0x9B0B,0x02DC,0x51E9,0xFEE9,0xA5AB,0xFD2C,0x7638,0x6CFA,0xD26C,0x2F81,0xCDF3,0xBDD4,0x4645,0xBB49,0x71DD,0x2807,0x94AE
00:16:56,76.368,2,8000,RT->BA,C,7BC0 05-T-80-74,7BC0 05-T-80-74-->,900,0,32,0x8A07,0x3384,0x7C53,0xF53D,0xA960,0xB440,0xB25F,0x6D0D,0xDF38,0xA3C0,0x6848,0xA051,0x0C4B,0x63EB,0x4C90,0x9176,0xA279,0x96A1,0xACDC,0x9F06,0xB76B,0xB933,0x779C,0xA70B,0x8511,0x0560,0x387C,0x8996,0x554E,0x31B6,0xDA4E,0xFFFD
00:18:12,78.128,2,8001,RT->BA,C,9BC0 04-T-45-82,9BC0 04-T-45-82-->,400,0,32,0xEACA,0x293B,0xF3C5,0xF74C,0x11EA,0xD1AA,0x74BA,0x0542,0xA8A3,0xCAB6,0x2EB6,0x1E70,0x7E3D,0x2761,0xA2F6,0x3C35,0x7E02,0xC5AD,0x8F7F,0xDD4C,0x8E4B,0x36BE,0x15D6,0x0FF0,0xE428,0x2CE4,0x5DA1,0xCF15,0x414D,0xA767,0x42CD,0x95EC
00:19:30,75.349,1,8000,BC->RT,D,8BC0 03-T-53-26,8BC0 03-T-53-26-->,200,0,32,0x7A7F,0x49E4,0x9587,0xE38E,0x79F0,0x9AE7,0xDF4F,0x0107,0x9426,0x2149,0x1EC2,0xC3DF,0x9AB0,0xC1FB,0xB2E1,0x285D,0x53DD,0x283F,0xC7D0,0xF77B,0x0EA3,0x90ED,0x4291,0x709D,0x3152,0x792E,0x54B2,0x1E76,0xB24B,0x477D,0x12A2,0x6418
00:20:45,88.238,2,8001,RT->BA,B,3BC0 06-T-19-43,3BC0 06-T-19-43-->,600,0,32,0x8C91,0x886E,0xF4E5,0x3653,0xB33D,0xF75B,0x5948,0xB50B,0xF63D,0x87A1,0xDB80,0xB634,0x9514,0x8BC1,0xCAFE,0x271D,0xE9F3,0xEBC9,0xF5C6,0x1D4C,0xE602,0xD1DA,0xE843,0x21CA,0xAC03,0x4EC8,0xCC2D,0xECE3,0x7245,0x1515,0x1DD5,0x141C
00:22:13,49.872,2,8010,RT->BA,D,EBC0 01-T-99-42,EBC0 01-T-99-42-->,200,0,32,0xCD32,0xFB23,0x7372,0x5BFD,0x2C30,0x57BD,0x7A05,0x8CBC,0xE74F,0xB959,0xBF79,0x9011,0x9F99,0x9A92,0x357A,0xE025,0xA883,0x4D91,0xB452,0xCD69,0xB8B7,0xAA8C,0x8792,0x6284,0xDBDC,0x233F,0xCAB9,0x3860,0x80E7,0x3C5B,0xEECD,0x2F33
00:23:02,67.461,2,8000,RT->BC,A,5BC0 04-T-59-30,5BC0 04-T-59-30-->,0,0,32,0x714C,0xE2C3,0x113C,0x0B05,0x12F7,0x3C63,0x4848,0x5E00,0x0151,0x7A8F,0x74B2,0x90ED,0xE6C4,0xEE37,0x4D1B,0x13DF,0xF798,0x7905,0xF730,0xD9D5,0x3E01,0x2925,0x00F4,0x08B9,0xD3C1,0x0DBB,0x457F,0x48F0,0x9856,0x49B8,0xA6D0,0x1E8C
00:24:09,12.286,2,8010,RT->AB,B,3BC0 03-T-78-69,3BC0 03-T-78-69-->,300,0,32,0x253C,0x25BA,0x556E,0xAB04,0xE5A7,0xA492,0x0849,0xAD92,0x90A6,0xA8F6,0x0752,0x6AC3,0xDEB1,0x93C1,0xB72E,0x5A5A,0xBDEE,0x82C9,0xC7AB,0x629D,0x7D18,0x02C7,0x5A45,0x0B50,0xB5E7,0xE8C1,0xCDF6,0xD076,0x47C3,0xD838,0xD809,0x099B
00:24:21,81.64,2,8001,RT->BC,B,4BC0 06-T-23-90,4BC0 06-T-23-90-->,800,0,32,0xBD70,0x08F6,0x7F88,0x37A9,0xF248,0xE443,0xE962,0xF619,0x3162,0xF5FB,0x342F,0xF935,0xC50C,0x9A94,0x3100,0x7082,0x5B3F,0x84F2,0xCB28,0xBEF1,0x1205,0xED35,0x5583,0x4684,0x9062,0x017C,0xE4C9,0x021E,0xBC1B,0x96A5,0xA5DD,0x75D7
00:25:42,88.537,2,8000,RT->BA,C,8BC0 03-T-80-20,8BC0 03-T-80-20-->,900,0,32,0xCF4B,0x13EC,0xA441,0xA46B,0x1E5D,0xAFA9,0x6D31,0xD2D5,0xF4DF,0xB3CB,0x48B7,0x412B,0x2D8C,0x67D7,0x5068,0xFB1F,0x2863,0x53AA,0x2766,0x940C,0xBD5E,0x0B98,0x22B3,0x87C8,0x85F0,0xC42C,0x0F11,0xF631,0xB61A,0x08A5,0xD971,0x4E47
00:27:10,44.783,1,8010,RT->AB,A,0BC0 10-T-22-76,0BC0 10-T-22-76-->,400,0,32,0xDEAD,0xAB1E,0x807F,0x34E2,0x90A9,0x2B06,0x8450,0xFAB1,0x0A02,0x16BD,0x14C5,0xCD26,0x9EB7,0x1B68,0xF081,0x1EF6,0x0A07,0xD02D,0xE84D,0x1763,0xA55E,0x4B4C,0x133C,0x33B6,0xE27B,0xE227,0x4D5F,0x031B,0xFC94,0x3DEE,0x234A,0x47A0
00:27:54,48.3,2,8001,RT->AB,C,2BC0 10-T-78-51,2BC0 10-T-78-51-->,400,0,32,0x3D41,0xFDD3,0x821B,0x930D,0x6185,0xBD0C,0xE389,0x1711,0xA41E,0xE7AE,0xD646,0x42CD,0x7B7D,0xF165,0xBF4D,0x0E2D,0xF97D,0x67AE,0x09A1,0xD417,0x3C55,0xBC36,0x08FF,0xAF11,0x7A85,0xFE96,0x08E0,0x2587,0xC91B,0x3C20,0xCD11,0xD3C1
00:28:42,32.8,3,8000,RT->BA,D,CBC0 06-T-89-98,CBC0 06-T-89-98-->,700,0,32,0xA2A7,0x127F,0x338C,0xAEF1,0x7BBD,0x9641,0x6494,0xF81F,0xC3F1,0x50AC,0xF86F,0x5F09,0x9E04,0x6A25,0xA763,0x2F16,0x0C96,0xF0C4,0x00B5,0x70C6,0x5E23,0x951A,0x1337,0x7D1D,0x8650,0xFC5E,0xD1EB,0x6676,0x9674,0xFD53,0x5DF5,0xB03A
00:29:14,66.649,1,8000,RT->AB,B,BBC0 01-T-77-67,BBC0 01-T-77-67-->,500,0,32,0x187B,0xB3B2,0x4F5C,0xDDAF,0x163D,0xF2C1,0xB5EF,0x127E,0x5E81,0xD1BA,0x6539,0x65D6,0xF4EE,0x08B8,0x0A69,0xD75D,0xC0CF,0xFB1F,0xFA12,0x33F6,0x35F0,0x4773,0xD1EA,0x749E,0xE016,0x85D8,0xF5A5,0x7AF7,0x85CA,0xEC20,0xDD15,0x2E39
00:30:20,52.489,2,8000,BC->RT,D,CBC0 04-T-32-31,CBC0 04-T-32-31-->,100,0,32,0x77B1,0xD345,0x2C12,0xEBC6,0x20E0,0x35C4,0x1D4E,0xE3A3,0xCA4D,0x28AE,0xB658,0x7060,0x1421,0xE23F,0xAE7A,0x0D29,0xE065,0x06F0,0x44A8,0xBF3A,0x5D02,0x97F3,0xCB55,0x9205,0xBDB0,0xAC65,0x6B68,0x0C91,0x271D,0x7C5F,0xDF56,0xF964
00:31:12,46.621,3,8001,RT->BA,C,7BC0 05-T-52-65,7BC0 05-T-52-65-->,800,0,32,0x6B8B,0xDE42,0x36C9,0x54F2,0x160B,0xA59D,0xC0DE,0x3E0E,0x7268,0x490B,0xD7B2,0x787B,0x8001,0xDB90,0xCF21,0xA7A7,0xA8A4,0x0B26,0x3E6F,0x78F2,0x9E8C,0x30A8,0xAF33,0xBF21,0x4DFD,0x2D02,0xE294,0x620A,0x1E72,0xD3D8,0xFCD9,0xE2CD
00:31:58,55.034,2,8000,RT->AB,D,4BC0 05-T-43-81,4BC0 05-T-43-81-->,300,0,32,0x9388,0x594E,0xFAD8,0x2B8D,0x424F,0xE831,0x3E74,0xB245,0xA3BE,0x005B,0xF711,0xF00D,0x3A18,0x79F1,0x0EA0,0x72CA,0x65A9,0xCEAA,0xDF10,0xF6B2,0x313A,0x9F76,0xB48F,0xA9CE,0xC6E0,0x8377,0xBC6C,0x4589,0xC11D,0x6B97,0xB47B,0xBEA7
00:32:53,72.875,2,8000,RT->AB,A,3BC0 05-T-60-75,3BC0 05-T-60-75-->,600,0,32,0xB822,0x62F9,0x8D5D,0xE393,0x6C5D,0x568F,0xFC1F,0x310B,0x0392,0x0FE0,0x2B7A,0x4B33,0xFD5B,0xF1BC,0xA4EF,0x6E3E,0x69A0,0xFEB3,0x36AA,0x269C,0xFC03,0xA697,0x8B33,0x64CA,0x1A02,0x4389,0xF247,0x4FCB,0x5AFB,0x823A,0xD85F,0x2085
00:34:05,56.888,2,8000,RT->AB,D,9BC0 04-T-33-48,9BC0 04-T-33-48-->,400,0,32,0x9B77,0x44E4,0x7A55,0xB773,0x9055,0xCF81,0x7B0A,0x996E,0x4728,0x6B0A,0x3001,0x47D1,0x5BC2,0x070E,0x2043,0xDAFE,0x6481,0x9F0C,0xE7BC,0x0AD9,0x1D45,0x49F1,0x3EA2,0xD726,0x7AB1,0xCDAC,0x9D53,0xE3EC,0x0276,0xCFAB,0x3B95,0x1290
00:35:01,12.454,1,8000,RT->BC,B,ABC0 09-T-67-98,ABC0 09-T-67-98-->,900,0,32,0x4255,0x0288,0xFACA,0x8B3F,0x40EB,0xE1B2,0x26AE,0x1583,0x97C1,0xEED4,0x20C4,0xDD8B,0x60F9,0x9AFB,0x2BC2,0x5E7C,0x9239,0xD822,0xFDFF,0xCBC4,0x7169,0x2031,0xD1C7,0x5291,0xFA1E,0xF293,0xA5F7,0x6955,0x426C,0x785C,0x0B50,0x3E21
00:35:13,67.075,2,8000,RT->AB,B,4BC0 09-T-48-58,4BC0 09-T-48-58-->,600,0,32,0x8BC9,0xA9E0,0x26CA,0x99E7,0xABBA,0x5C4A,0x53ED,0x744E,0x0953,0x490B,0x668D,0x7AFA,0xB3AB,0xCE4E,0xD4FC,0xC73C,0x0A84,0xF345,0xD29A,0xBF73,0xC2BA,0xCB42,0x675D,0x7D9E,0xA81E,0x89B5,0x38DE,0xFD23,0xB8B3,0x67BB,0xBEE0,0x7010
00:36:20,38.676,2,8010,RT->AB,C,CBC0 01-T-76-38,CBC0 01-T-76-38-->,0,0,32,0x20E4,0xBCD6,0x45CC,0x9E7A,0x95D9,0x09D1,0x07F8,0xA8C5,0x60D4,0x1CC3,0x4D83,0xAEE3,0xD4C5,0xCD78,0x0667,0x48CB,0xA6FB,0x417D,0x3C61,0xFBDE,0xD1BA,0xAA5A,0x8DE2,0x31FF,0xC1E0,0xD1D9,0x2E54,0xCF0E,0x6AD1,0x4843,0x592C,0xB012
00:36:58,43.003,2,8001,RT->AB,D,BBC0 10-T-16-25,BBC0 10-T-16-25-->,700,0,32,0x6564,0x43B6,0xA6F7,0xB776,0xD157,0x8875,0x9172,0x5F19,0xE0FC,0xC339,0x5B07,0x0C23,0x1D23,0xA272,0xC1D2,0x0645,0xF101,0xA128,0xB9C0,0x859D,0x3BBD,0x1FC8,0x1A6B,0x3FB9,0xB1B4,0x83A0,0x55E7,0x3B01,0x8355,0x4242,0x7F68,0xB6BA
00:37:41,64.953,3,8010,BC->RT,B,3BC0 07-T-64-81,3BC0 07-T-64-81-->,500,0,32,0xC9CE,0x599E,0xA173,0xDBF0,0x3D68,0x7FF2,0x1410,0x1929,0x79C7,0x7F26,0x618E,0xE9A7,0x94DB,0x3F9F,0xE4D4,0x4A1B,0x5395,0x7E20,0xF436,0xBE28,0x0106,0x975E,0xFAE3,0x79A6,0xAF77,0x5015,0x30CB,0x7FFC,0x45E6,0x2DE0,0xCCFB,0xF834
00:38:45,30.121,3,8000,BC->RT,A,3BC0 02-T-62-92,3BC0 02-T-62-92-->,300,0,32,0xDE12,0x97EB,0xF020,0xD970,0x4ADE,0x7905,0xEB49,0x3247,0x7A24,0xACF9,0x7DBC,0x0297,0x144C,0x2B60,0x4178,0xE21A,0xBEEF,0x4E22,0xF7D7,0x5C2A,0xA6FC,0x78CD,0x6352,0x7D15,0x917B,0x8832,0x63C3,0x3F20,0xFE03,0x2927,0x044E,0xE416
00:39:15,87.04,2,8000,RT->BA,A,CBC0 04-T-65-57,CBC0 04-T-65-57-->,800,0,32,0x6102,0x2017,0x1FBC,0x995B,0x4958,0x120C,0xFB7B,0x08FC,0x65A1,0xF883,0xA0A3,0x7895,0x751B,0x1B77,0xA201,0x1AA1,0x3E00,0x6D6F,0x2D44,0x42D6,0x58B7,0x27F6,0x9C19,0x3ECF,0x5111,0x42B4,0x6B37,0xF4FE,0xA22B,0x7FBE,0x0DFC,0x648A
00:40:42,75.809,3,8001,RT->BC,B,EBC0 07-T-12-94,EBC0 07-T-12-94-->,200,0,32,0x3335,0xF9AA,0x8FC4,0xA74E,0x2FD7,0x0D6B,0xBE52,0xAFA3,0xBDD2,0x72E4,0xF3E5,0x3274,0xACD5,0xB424,0x31EF,0x6BA6,0x37B4,0x3B16,0x0D4C,0x534A,0xBC82,0x0A16,0x4D97,0x5360,0x4EA9,0x1035,0x1FCF,0x067A,0x3564,0x07AF,0x9959,0x4B47
00:41:57,68.022,3,8010,RT->BA,D,ABC0 10-T-66-26,ABC0 10-T-66-26-->,200,0,32,0x292E,0x38E2,0x700C,0xDBAA,0x0372,0xC0D6,0xDEBE,0x79D9,0xF256,0x6EAD,0x08DF,0xE72C,0x0BF1,0x9924,0x1941,0x436E,0x983A,0xEACA,0x2FD1,0x517D,0x56BC,0xD3A0,0x3FA9,0xC79D,0xD729,0x1AF7,0xC383,0x317D,0xE7F2,0xC98D,0x3E30,0xE059
00:43:05,77.915,1,8001,RT->BC,A,3BC0 01-T-42-39,3BC0 01-T-42-39-->,0,0,32,0x3A0B,0x560E,0x3685,0xC67C,0xB971,0x3C99,0x4F27,0xEE5D,0xCB00,0x1934,0x6406,0xE6A9,0x555F,0x33A4,0xCB28,0xD79B,0xF61E,0x5CD4,0xBEFA,0xF7E2,0x2125,0xF955,0xC333,0x74CD,0x015E,0x2E05,0x1D38,0x2D24,0xC452,0xB3AC,0xACDC,0x8F95
00:44:22,67.759,2,8010,RT->BA,D,1BC0 07-T-41-40,1BC0 07-T-41-40-->,600,0,32,0x3F41,0xB66D,0x17ED,0x402F,0x546F,0x46CB,0x9F14,0x60BC,0x383F,0x11EF,0x0FFF,0x52F6,0x357E,0xF5BF,0xE73D,0x6EA5,0x437F,0xCA52,0xCCB9,0xA6E2,0x9F8D,0x5E85,0xF395,0xB5F2,0x895D,0x2742,0x5DA6,0x2A2E,0x9ED2,0x2AE5,0x9DF3,0xFEED
00:45:29,24.219,3,8010,RT->BC,C,8BC0 04-T-23-96,8BC0 04-T-23-96-->,200,0,32,0xB0A1,0x4CF1,0xDF23,0xF594,0x2129,0x0B99,0x5CD8,0xF603,0xB8AB,0x1C3B,0x1363,0x88AC,0xE620,0xDE46,0x1442,0x4B3E,0xBAB3,0xCFE3,0x3562,0x4DDB,0x2298,0xFBB1,0x5770,0x5139,0xD91F,0x680B,0xAFB5,0xE9F9,0x0001,0xE1D7,0x43FD,0x61EA
00:45:53,27.859,1,8000,RT->AB,A,FBC0 10-T-63-46,FBC0 10-T-63-46-->,800,0,32,0xD226,0xB788,0x4A35,0xD4C8,0x522B,0x92CF,0x30EF,0xF745,0xDB2A,0x0AB3,0x3631,0x0689,0x53D2,0xCC25,0x2F2D,0x94C2,0x1D63,0xE22E,0xA09F,0x0897,0x2063,0x6AE1,0x43CC,0x0A1C,0xC765,0x1A74,0xF555,0xAAB7,0x5794,0x2D1C,0xFE26,0xF75F
00:46:20,55.456,1,8001,RT->BA,A,6BC0 03-T-63-83,6BC0 03-T-63-83-->,700,0,32,0xCA8B,0x8A63,0x4910,0x4FE5,0x935A,0xD310,0xA22F,0xEE32,0xF3B5,0x9BB7,0xE01D,0xB1D9,0x2352,0x013D,0x9A9E,0x8B4E,0x0264,0x160D,0x0E0D,0x35AF,0x21B7,0x3FB6,0x7BBB,0x8FF6,0x5A5A,0x9ECA,0x110B,0xC37A,0xB498,0xE483,0x808A,0x3891
00:47:15,72.106,3,8010,RT->BC,D,1BC0 05-T-85-38,1BC0 05-T-85-38-->,700,0,32,0x73FE,0x4E72,0xE63E,0xC872,0x21E3,0x83C7,0xA904,0x6145,0x9E55,0x5C0B,0x80C6,0x0FC0,0x2563,0x0178,0xE17B,0xC9E0,0x40DE,0xD1D1,0xC293,0x0BE6,0xB7BF,0xF5A8,0xC6F7,0x8F54,0x7C9B,0x2FF0,0x8F68,0x6F6B,0xFC8A,0xEF31,0x4EAD,0xCF25
00:48:27,89.317,3,8000,RT->BC,A,7BC0 05-T-84-60,7BC0 05-T-84-60-->,300,0,32,0xC485,0xFF8F,0x6C68,0x44A4,0x1D17,0x6A0C,0x3A78,0xCCCE,0x7E3C,0x8E1B,0xAD6F,0x7A31,0x9711,0x87CB,0x6209,0x7A6E,0x41D3,0x6C2D,0x95E2,0x576E,0xB031,0x5426,0x1F23,0xAE4C,0xADD5,0xDDBD,0x301D,0xC184,0x8D09,0xDD60,0x2709,0x8606
00:49:56,37.998,2,8000,RT->BC,D,DBC0 01-T-68-59,DBC0 01-T-68-59-->,900,0,32,0xAF28,0x42BA,0x412C,0x7BB6,0xBEEA,0x2DCC,0xD91A,0x374A,0x1337,0x5FC8,0x4A8F,0xCB36,0xE866,0x12BC,0xEC90,0x1349,0xF880,0x09B4,0x71EF,0xEA13,0x3C75,0x132E,0x97C0,0x85D3,0x45D1,0x75FB,0x78E3,0x77C7,0xC3F3,0x37E6,0x522F,0x067C
00:50:33,79.22,2,8000,RT->AB,C,ABC0 09-T-10-17,ABC0 09-T-10-17-->,600,0,32,0x2DA5,0x6D4D,0x7D26,0x325B,0x3F92,0x32F2,0x671A,0x492E,0x1B1A,0x21CE,0x9BA3,0xE78E,0x8FBA,0x47DB,0xF55C,0xC13B,0x1ADC,0x9AA2,0xFC41,0x3786,0x5AB3,0x8085,0x2053,0x48C8,0x4B4B,0x6C0C,0x97DC,0x832D,0xA770,0xDCCB,0xD1F5,0xAAAE
00:51:52,84.49,2,8000,RT->AB,C,2BC0 10-T-41-41,2BC0 10-T-41-41-->,600,0,32,0x4DD8,0x837F,0x3E07,0x2FD0,0xDBFA,0xA7C6,0xC29A,0x5F43,0x2C64,0x3BAE,0x17B7,0x7D26,0x95F2,0xB516,0xB30F,0xC91A,0xC737,0x0347,0x5C9F,0xDEAD,0x0B2B,0xA20A,0x0B57,0x7A2E,0x8031,0xFC4E,0x867E,0xAF95,0x9C3A,0x8CAB,0x635C,0xB0D1
00:53:16,71.926,2,8000,RT->BA,B,1BC0 09-T-21-78,1BC0 09-T-21-78-->,200,0,32,0x4AB5,0xF37A,0x1CDD,0x7F56,0xEAB5,0xB6ED,0x4F28,0xCD84,0xB4AC,0x8095,0x550F,0x19EC,0x78EF,0x3963,0xDDBF,0xEAF3,0xBBF4,0x0631,0x824F,0x795A,0x8CC0,0xA726,0x2DAA,0x868C,0xB87A,0x7CDB,0x7E57,0xBE0A,0x679A,0x6962,0x0FAC,0x8E06
00:54:27,31.424,2,8000,RT->BA,A,ABC0 10-T-44-76,ABC0 10-T-44-76-->,0,0,32,0xC0C8,0x0E6E,0xCF67,0xAF16,0xD88F,0x2FF2,0xC88F,0x1FD8,0x4701,0xE4CA,0x62FD,0xAD73,0xF993,0x866F,0x3A5D,0xE1E0,0x9CEE,0x8485,0x8B2A,0xC48E,0x0FAF,0xAE7F,0x9A3D,0xE32D,0x82BC,0x37B0,0xC4A9,0xC242,0xD7E8,0x6895,0xC27E,0x988B
00:54:58,19.163,2,8000,RT->AB,C,EBC0 04-T-67-61,EBC0 04-T-67-61-->,900,0,32,0x981D,0xD308,0x57AB,0x5CB6,0xEFE1,0x4C6A,0x7C15,0x1372,0x8DBA,0x5922,0x64D5,0x29A5,0x4C8C,0xC0DE,0x2262,0x5AF5,0x1385,0xB70D,0xB875,0x1551,0x3962,0x019D,0xC5D1,0xCF6A,0x4C1F,0xF672,0x508D,0xFD68,0xBEB8,0xC0FA,0x8CE0,0xE743
00:55:17,63.886,2,8000,RT->BC,C,EBC0 04-T-62-64,EBC0 04-T-62-64-->,800,0,32,0x4E39,0x5CE9,0x87E7,0x7B7F,0x850A,0x6B9E,0x48F6,0x9BF2,0x870D,0xAF24,0xBD1B,0xBD1A,0xA3D7,0x2C23,0xBFEE,0x4082,0x63D6,0x7665,0x3450,0xB83B,0x6B75,0x041E,0x786A,0x8BE4,0x1B87,0x949D,0xCD6F,0x444F,0x701A,0x6B63,0xC855,0xCDD8
00:56:20,70.284,3,8000,RT->AB,B,EBC0 06-T-12-81,EBC0 06-T-12-81-->,0,0,32,0xE77F,0x3F5A,0xCAFE,0x9BAA,0xFEA3,0x568D,0xD691,0x926B,0x28D3,0x199C,0x68FB,0x2E8D,0xB277,0x93B1,0x5BBA,0x12E8,0x9ED2,0x149B,0xBC08,0x8AB6,0x5BC7,0xA975,0x8BDA,0xD610,0x046D,0xE447,0x62A3,0xF401,0x46BB,0x94F5,0x9461,0x59A8
00:57:30,17.644,1,8000,BC->RT,B,8BC0 03-T-76-90,8BC0 03-T-76-90-->,700,0,32,0x8329,0x3500,0x78B4,0x0C0A,0x9868,0xC5F4,0x049B,0xB0E8,0x67B8,0x619B,0xE715,0x583E,0xD074,0xC150,0xF461,0xA333,0x581E,0x2836,0xCFFA,0xBB48,0x56E0,0xBFC2,0x4C70,0x997B,0x5386,0x25C2,0x9D4A,0x2173,0x6C00,0x0217,0xF595,0x7D03
00:57:47,70.503,3,8001,RT->AB,D,DBC0 07-T-54-11,DBC0 07-T-54-11-->,500,0,32,0x7FBA,0xA663,0x2A67,0x67E1,0x2DE8,0x874F,0x57EC,0x81CE,0x44B3,0xE35F,0x195B,0x2F76,0xC196,0xBE4F,0xD3FF,0xF6D6,0xDF7C,0x17EF,0x4590,0x6331,0x6DC6,0xC038,0xD69D,0xD84F,0xDB58,0xF15C,0x6A11,0x816D,0x76E1,0xEE62,0x8F3A,0xB063
00:58:57,27.015,2,8001,RT->BC,D,9BC0 03-T-38-31,9BC0 03-T-38-31-->,700,0,32,0x4A46,0xA84D,0x564B,0xF840,0x9588,0x72F8,0x2388,0xE4D7,0x7FDB,0x496A,0x7361,0xADA2,0x9CF8,0x0B2D,0xFDA7,0xDB06,0x8871,0xABBA,0xE352,0x9A03,0x9C74,0xB471,0xE490,0x8A09,0x7640,0xC57B,0xE640,0xB310,0xB04F,0xC539,0x1BBF,0xC724
00:59:24,68.681,3,8010,RT->BC,D,ABC0 05-T-35-53,ABC0 05-T-35-53-->,600,0,32,0x5046,0xB2D8,0x5E89,0xC460,0x98E7,0xC9F0,0xAE34,0x2BBE,0x9A01,0x2EB1,0x7E80,0x50BD,0xD956,0x748C,0x2853,0x0D80,0xA20C,0x8ED0,0xF989,0xC549,0x7DEF,0x2723,0xC43F,0x9406,0x095E,0xC71C,0x96BE,0xA532,0x2A7C,0xA955,0x0C6C,0xB92F
01:00:32,21.007,3,8000,BC->RT,C,5BC0 07-T-65-32,5BC0 07-T-65-32-->,900,0,32,0xB14F,0x838B,0x3310,0xD5C8,0x1136,0x5309,0xBFAD,0xD704,0xB9BC,0xBD49,0x6103,0x2B09,0x374D,0x97E6,0x0B39,0x0FF0,0xFA27,0x5574,0x521B,0xA3C1,0xB889,0xECBE,0x64D4,0xBC18,0xE156,0x9C9C,0x972F,0x15FC,0x5C98,0xB8FC,0x78A4,0xBC65
01:00:53,84.547,3,8000,RT->BC,D,ABC0 05-T-46-16,ABC0 05-T-46-16-->,500,0,32,0x6753,0xB20D,0xA8CA,0x13E2,0x1836,0xE79F,0x64BB,0x4E21,0xBD9C,0x843F,0xA17C,0x86A4,0xAE77,0x61C2,0xDF42,0x5E64,0x3336,0x3F53,0xDE38,0x89A7,0xCCF2,0x0671,0x8FF3,0x6A54,0xC316,0x0FBE,0xB145,0x6F95,0x7B1D,0xA6A9,0xEF2A,0x22F2
01:02:17,71.096,2,8000,RT->BC,B,EBC0 06-T-31-12,EBC0 06-T-31-12-->,600,0,32,0xFD1B,0xC393,0x13C4,0x8E5A,0xF539,0xBEEF,0xFEA4,0xA00D,0x44CF,0xE298,0x37E8,0x14F1,0xB4E2,0x363E,0x471C,0x2BC5,0xB5CC,0x6288,0x2AA2,0x3D6E,0x73EA,0x99C3,0x0197,0xDE0D,0x6AD9,0x46A9,0x700F,0x8358,0x99B5,0x27DB,0xA1ED,0x8B94
01:03:28,81.274,2,8000,RT->BC,A,2BC0 02-T-61-90,2BC0 02-T-61-90-->,500,0,32,0xDA96,0xBD57,0xFCB4,0x65FC,0x2748,0xABC9,0xAE98,0x1116,0x9D9D,0xE4A8,0xE848,0x3E71,0x0878,0x6E1D,0x70D8,0x33F9,0xFD91,0x116F,0x5F3E,0xF48B,0x3E1E,0x5830,0xD31D,0x44EA,0xC7CA,0xCBFE,0x304B,0xEDBF,0x6EFC,0x8532,0x4008,0x4BCE
01:04:49,58.604,2,8010,RT->BA,C,3BC0 05-T-61-27,3BC0 05-T-61-27-->,100,0,32,0x4242,0xCC78,0x45BC,0xA280,0x8C17,0x776B,0x42D8,0xA950,0xDC00,0x3C63,0xA953,0x0ED8,0x1A0B,0x0AED,0x0C47,0xA363,0x44E0,0xCBCA,0x9F57,0x3B93,0x8401,0x01E0,0xEC79,0x0799,0x2F03,0xA65A,0xB719,0x5D92,0xEFAA,0x9496,0x7BC1,0x7BE6
01:05:47,30.618,2,8001,RT->BA,A,8BC0 07-T-87-35,8BC0 07-T-87-35-->,0,0,32,0xBECE,0x405E,0x36C8,0x6711,0xEC08,0x9BBC,0x088D,0xF69A,0xAC22,0xBB74,0xA91F,0xC7FC,0xD0E7,0x1D26,0xB8C4,0x9FF8,0x9AFC,0x13E8,0x4EB7,0x65D7,0x5BD0,0x0A9A,0x949A,0x6EE2,0x0917,0x9934,0x7493,0x2944,0xCEB5,0xC8F4,0x9C56,0x8266
01:06:17,19.707,2,8010,BC->RT,D,4BC0 08-T-42-38,4BC0 08-T-42-38-->,800,0,32,0x065F,0xDEB8,0x779F,0x0482,0xB618,0xD612,0x1AA8,0xAE57,0xFB34,0xC95A,0xCECA,0x1D67,0xC293,0x6B81,0xBDBD,0x7500,0xB3F4,0xF635,0x91B7,0x14F0,0x6721,0xCED5,0x0794,0x811E,0xE985,0x22A3,0x2DB6,0xD05D,0xF266,0x23B9,0x5B5E,0xA6D4
01:06:36,75.465,2,8000,RT->BC,A,5BC0 09-T-36-96,5BC0 09-T-36-96-->,300,0,32,0x0C80,0x1EA2,0xE6EF,0x0F80,0x891D,0x0312,0x689E,0x8E18,0xDE67,0x8725,0x7CFF,0x3FB9,0x691B,0x8E97,0x85A0,0x5502,0x5288,0x8BFF,0x5DF7,0x6A43,0xF00D,0xAB5A,0xF7E4,0xE6C8,0x851D,0x721F,0xCB62,0xADBB,0x3693,0x5D84,0xB147,0xC5ED
01:07:51,10.017,1,8000,RT->BA,D,EBC0 05-T-75-71,EBC0 05-T-75-71-->,400,0,32,0xED09,0xA0EA,0x5E61,0x4F5E,0x2D21,0x8BF1,0x4454,0xDC6C,0x56B3,0x6337,0x893D,0x9E8D,0xC169,0xFD89,0x637E,0x1722,0x7ECD,0xC613,0x28C6,0x5FE5,0x052C,0xD522,0xE65D,0x1BA7,0xBA51,0xD3AF,0x27F2,0x9A9E,0x75DA,0x512A,0xA30F,0xD312
01:08:01,60.42,2,8000,RT->BC,B,4BC0 07-T-69-86,4BC0 07-T-69-86-->,500,0,32,0xA64F,0x56F5,0x8AB0,0x169C,0x43F7,0x506A,0x9B6D,0x2584,0x529F,0xC20D,0xD5FC,0x3745,0xD038,0xF0F6,0x9D63,0x4B72,0xBCE8,0xAD5A,0xB00B,0x4100,0xF4F0,0x127E,0x67D1,0x8174,0x6936,0x8627,0x1418,0x6C5C,0xD14F,0x0A8D,0x2A23,0xED3E
01:09:01,83.538,3,8010,RT->BC,D,5BC0 08-T-51-79,5BC0 08-T-51-79-->,700,0,32,0x9C06,0x9160,0x9603,0x365A,0x2386,0x6393,0x5EC8,0x95FD,0x95E4,0x5BC0,0x43BF,0x9FB7,0xA2F5,0xB95A,0x7173,0xEC8C,0xFDA9,0x023C,0x0028,0x3DC6,0x5CBD,0xCB20,0x25E3,0xD7E7,0x8E57,0xCBDB,0xA082,0x556E,0xDFA1,0x7116,0x4BEA,0x00C0
01:10:24,31.477,2,8000,RT->BC,B,0BC0 07-T-36-80,0BC0 07-T-36-80-->,700,0,32,0xD414,0x5BD1,0xFCC7,0xC279,0xBFE9,0x00BA,0xCB15,0x6B77,0x63DE,0x8A39,0xC9FF,0x7D2C,0xF475,0xBA7E,0x393A,0xE023,0x7641,0x531A,0xD98C,0x9007,0x31D4,0x0AFC,0x0CD9,0x74D4,0x6012,0x03E7,0x2761,0x1386,0xC5E7,0x0167,0xC314,0x5A5A
01:10:55,11.386,2,8001,RT->BC,B,3BC0 09-T-31-64,3BC0 09-T-31-64-->,200,0,32,0xF1BA,0xE5DF,0x7832,0x3C46,0x31BD,0x03B2,0xDF1B,0x5FF7,0xD3A2,0xE6E1,0x44FC,0xFBA1,0x0F7D,0x39F4,0xA772,0xB6D1,0x78EF,0x54D6,0x209E,0x9B7A,0x8BFE,0x333D,0x6E75,0x135C,0x27B2,0x2A59,0x257F,0x4012,0x8A27,0xCEBC,0xF320,0x331B
01:11:06,67.523,2,8001,RT->BC,B,BBC0 02-T-99-21,BBC0 02-T-99-21-->,400,0,32,0xA687,0xB925,0xD7CE,0xF01E,0x2250,0x203C,0xACDC,0xDB79,0x456D,0x01B6,0x1DFC,0x132E,0x0678,0xA7EE,0xD601,0xC090,0x9EA8,0xA2B7,0xEF4D,0xB281,0x77B7,0xABEA,0x66FE,0x1046,0xB625,0x43FF,0x6561,0x093A,0x15A0,0xCFDC,0xA8F2,0x72AD
01:12:13,23.891,2,8001,RT->AB,D,4BC0 04-T-63-20,4BC0 04-T-63-20-->,100,0,32,0x75E6,0x91A7,0x73DB,0x218B,0x6A13,0x28B3,0x2B01,0xDB7E,0x07A3,0xC6A5,0xAFEE,0x6527,0x795B,0x5A4A,0xF539,0xCF48,0x9860,0xA4D0,0x9F91,0x3A34,0xC001,0x1C16,0x5490,0x7211,0x59E3,0x3CD8,0x2FB6,0xB1C3,0x5664,0x7627,0x10A6,0x0E76
01:12:36,78.3,2,8000,BC->RT,A,4BC0 04-T-26-83,4BC0 04-T-26-83-->,300,0,32,0xBBBF,0xDFD7,0x235E,0xA865,0x0436,0xCFDC,0x25C9,0xAD1B,0xD687,0xCAFE,0x508C,0xDD1B,0x2B44,0xE2C9,0x6A77,0xD130,0x4F23,0xD37B,0x4513,0x4C47,0xABF4,0x3927,0x6242,0x59CE,0x1731,0xE8A8,0x5513,0x0C0F,0x8483,0x123F,0xF462,0xF3CB
01:13:54,78.726,2,8010,RT->BA,A,8BC0 03-T-70-25,8BC0 03-T-70-25-->,200,0,32,0xD8E4,0x52F4,0x96C7,0xC5E8,0x920F,0xD17D,0xDDD2,0xD9F9,0x6C48,0x2E76,0x5AC4,0xAFDE,0x5247,0xA98E,0x2AF8,0x6B65,0xF5E3,0x9F28,0xAAE5,0x8444,0xFBC5,0xA0F9,0xC2B7,0xC6D7,0x0E94,0x519A,0x8CF0,0xAA41,0xA765,0x0A3F,0xA14A,0x12E2
01:15:12,25.503,3,8000,RT->AB,C,9BC0 02-T-36-16,9BC0 02-T-36-16-->,200,0,32,0xC84C,0x2495,0x5650,0x1139,0x6439,0xCA9F,0x9157,0x2C8B,0x582A,0x124C,0x67E8,0x814D,0x2829,0x0868,0x0690,0x0DAD,0x6C44,0xC5E2,0xE4BC,0x4A61,0x27C3,0xD1D3,0x0960,0xC19D,0xE1DE,0x891A,0xE1D0,0x0BF2,0xE4F6,0x6E76,0x16C1,0xD490
01:15:37,25.457,2,8010,BC->RT,D,EBC0 07-T-25-10,EBC0 07-T-25-10-->,0,0,32,0xB740,0x5DCF,0x29ED,0xF4A5,0xE74E,0xB0A7,0x9DBD,0xC1A7,0x9C4A,0x647B,0x3A96,0x62BF,0x1709,0xCA96,0x576B,0x37EC,0xADCA,0x36A2,0x062E,0xC796,0xF3E3,0x596D,0x58D6,0x08C2,0x2E3E,0xFD7C,0x9A1B,0x2E22,0xC0DE,0xA5CA,0x7970,0xD45E
01:16:02,12.541,2,8010,RT->AB,C,5BC0 09-T-47-64,5BC0 09-T-47-64-->,800,0,32,0xE0AD,0x7878,0xA389,0x3A42,0xF944,0xFFE2,0x8979,0x9A9D,0x2CBA,0xA4D9,0x0688,0xF1AD,0x0365,0x4795,0x67B6,0x897D,0x97A7,0x7F32,0x797B,0x089D,0xFA8D,0xAA69,0x42BD,0x3661,0xAE66,0x438E,0x617E,0x4953,0x5BE4,0x90E4,0x7FD6,0x3998
01:16:14,51.267,2,8000,RT->BA,B,4BC0 05-T-15-74,4BC0 05-T-15-74-->,500,0,32,0x556E,0xDA74,0x9D79,0xC4CC,0x062F,0xFE3F,0xB6BD,0xF396,0xE52C,0x589C,0x00AE,0xC111,0xB71F,0x6CCE,0xFC41,0xC5D0,0xEA6A,0x7BA2,0x5A62,0xAF2F,0xCE02,0xF958,0xE593,0xD0A8,0x0036,0x17CA,0x9A6E,0xFE78,0x4856,0x6007,0xD46F,0x5175
01:17:05,61.253,2,8001,BC->RT,A,0BC0 08-T-67-97,0BC0 08-T-67-97-->,0,0,32,0xE275,0x50CC,0xC439,0x2D08,0xCEFA,0x00A9,0xCBFD,0x7528,0xC20B,0x857E,0xFEA2,0xACC4,0x3DB1,0xF624,0xA098,0x66CF,0x8DF1,0xA518,0x5D82,0x9C13,0xB810,0xF36A,0xF76E,0xD739,0x0694,0xCC51,0x8A3D,0x7CDB,0x3494,0xEF6D,0x1E6A,0xCFFC
01:18:06,65.195,2,8001,RT->AB,B,3BC0 08-T-51-77,3BC0 08-T-51-77-->,0,0,32,0x2E75,0x1EC0,0x75DA,0x3BDB,0x1D0D,0x05E5,0xF903,0xE40B,0x4E6D,0x6208,0x76EE,0x54D9,0x3CC6,0xB9C7,0x2F5A,0x9AC1,0xA4A1,0x0B74,0x89AD,0xFC82,0x02A5,0x71D4,0x33C2,0xB06D,0x5FE1,0x1C7C,0xFC4F,0x8AC6,0xD7A3,0x556A,0x84A0,0xBF2F
01:19:11,13.557,2,8010,RT->BC,A,DBC0 10-T-17-38,DBC0 10-T-17-38-->,200,0,32,0xD1DC,0x27A7,0xBF9E,0x1337,0x9BD3,0x1790,0x0341,0x8BD7,0x07EA,0xF175,0x20E2,0xCC23,0x7EC4,0xF583,0x273F,0x2F1C,0x9597,0x6D1C,0x7C0C,0xC00F,0xD943,0x8E48,0x66B7,0xF8AB,0x5AA0,0x11F5,0x0A0B,0xA96D,0x0553,0x4641,0xF23D,0xBFD1
01:19:24,54.135,1,8010,RT->BA,A,4BC0 09-T-80-31,4BC0 09-T-80-31-->,400,0,32,0xD2C1,0x190C,0xCE4A,0xCBD3,0x467D,0x5FD7,0x016D,0x7DFC,0xDEE2,0xF5A0,0x05EF,0x7E8A,0x488A,0xF0F0,0xEFC0,0x9F2B,0x60F5,0xE585,0xF3AC,0x6F4E,0x07C8,0xA230,0x65E0,0xBEEF,0x4B80,0x5EC1,0x2772,0xDC46,0xFAF7,0xE51D,0x73FA,0x787A
01:20:18,74.728,2,8000,RT->BC,C,3BC0 06-T-93-29,3BC0 06-T-93-29-->,100,0,32,0xDDD8,0x7488,0xD7CF,0x2848,0x7BEA,0xF88D,0xAF51,0x1E9B,0x0D8C,0xED0B,0x06E7,0xAB14,0x1550,0x6101,0x34D5,0x38BD,0x8D3E,0x3DDD,0xA13D,0x2741,0xF3AE,0x9B5E,0x10BE,0x7267,0x5B9D,0x1D34,0x950C,0xD33F,0xB1AC,0x0323,0x18BF,0xC06A
01:21:32,62.941,2,8000,BC->RT,B,2BC0 07-T-38-83,2BC0 07-T-38-83-->,600,0,32,0x68CD,0xF436,0x0252,0xD4F7,0x8332,0x41EF,0xBD67,0x2003,0xF106,0x7372,0xABBA,0xDC6A,0x4F25,0xEA2B,0x4519,0x0F06,0xF282,0xBA3E,0x12DB,0x7ECB,0x0193,0xD8B1,0xBD5E,0x2EBB,0xCEEE,0x2C69,0x6778,0xACF0,0x8277,0x4704,0xA90E,0xF2CC
01:22:34,43.545,3,8010,RT->BC,D,0BC0 05-T-53-93,0BC0 05-T-53-93-->,900,0,32,0xE2FF,0xE3F0,0x064C,0xC3CF,0xCC2A,0x2D0C,0x7FA5,0xF558,0xA111,0x6442,0x03CA,0xE2D6,0x692D,0x1D3C,0xC039,0x62B8,0x1596,0xBBB5,0xDFC2,0xB8AE,0x7B2A,0x74D2,0xF6D7,0x182F,0xFC71,0xA57E,0x2F6A,0xDA87,0xC1B9,0x79F4,0xE3D7,0xE37A
01:23:17,11.024,2,8000,BC->RT,D,7BC0 02-T-65-89,7BC0 02-T-65-89-->,100,0,32,0x4C61,0x057C,0x2F3A,0x8789,0x0B25,0x0570,0x8CE8,0x62CB,0xC373,0xEBA3,0xF4C2,0x2DDB,0x469D,0x26D1,0x83DF,0x60A2,0x3416,0x06DE,0xFA29,0x88A1,0xE348,0xBFCF,0x8FDA,0xF2C2,0x66C7,0x0CF7,0x7A22,0x9562,0x2809,0x718A,0xA8D6,0x4DAC
01:23:28,54.802,2,8001,RT->BC,B,3BC0 02-T-88-22,3BC0 02-T-88-22-->,500,0,32,0x927F,0x66EB,0x27BF,0x157D,0x6D41,0x31B7,0x5C78,0xA270,0x8E57,0xB30D,0x4EF5,0x843F,0xBFB8,0x0476,0x6BE7,0x4D9F,0x28E8,0x7C42,0x5D90,0x237C,0x84DE,0x4CB2,0x7C6F,0x8084,0x42F7,0x5AA0,0x675D,0xF910,0x438C,0x3102,0xA9BF,0xCB40
01:24:22,66.379,3,8010,RT->AB,D,7BC0 04-T-28-42,7BC0 04-T-28-42-->,700,0,32,0x1E64,0xF00D,0x0151,0x63E4,0xA591,0x16F9,0x1599,0x592E,0xAFB2,0x64B2,0x898B,0x77A6,0x0C95,0xD244,0x1254,0x894B,0xE81E,0xB7E0,0xDD61,0xBA87,0x1068,0x748E,0x2CAE,0xBC9E,0x0AAC,0x1AB9,0xDF39,0x3FA8,0xEB8C,0xB830,0x555E,0x3DF6
01:25:28,39.273,1,8000,BC->RT,A,9BC0 04-T-66-90,9BC0 04-T-66-90-->,700,0,32,0xD4E8,0x9230,0x8CC6,0x77CE,0x798E,0x7647,0xDE8D,0xA1FF,0x1C29,0x790E,0x5F85,0x4F5C,0xAE4B,0x6DB0,0x6216,0x5BF0,0xB44F,0x0713,0x77C5,0xF280,0xECB9,0xC798,0xAC8B,0x825F,0x40D9,0x022E,0x833E,0xD391,0x3CAC,0xF19B,0xC5E4,0x8E53
01:26:07,43.117,2,8001,RT->BA,C,3BC0 06-T-99-88,3BC0 06-T-99-88-->,0,0,32,0xED86,0x4540,0x379E,0xB94B,0xFD57,0x2810,0xCB0E,0xC5CB,0x9223,0xE843,0x1AB0,0x598B,0xDAF4,0x5291,0x1948,0xA4AE,0x2308,0xA8F3,0x856F,0x95CD,0x7A75,0xE3DA,0x4CD9,0x0CF9,0xF86B,0x171B,0x06C2,0x7610,0x63F9,0x1CA9,0xE9EE,0x4099
01:26:50,27.274,1,8010,RT->AB,C,3BC0 01-T-73-92,3BC0 01-T-73-92-->,0,0,32,0x77DD,0x4F9D,0x50ED,0xDEAD,0x6865,0x5739,0x7745,0xE124,0x3759,0xE175,0xFF9D,0x418B,0x9D65,0x484A,0xAB2F,0x9C2E,0x647F,0x3085,0xAF61,0x4656,0x2731,0x5C92,0x1B37,0x24C2,0x5359,0x1F95,0xA5DC,0xF235,0xE372,0x281B,0x94E0,0xE343
01:27:17,88.037,2,8000,BC->RT,B,8BC0 10-T-84-79,8BC0 10-T-84-79-->,0,0,32,0x9FA8,0x1E8A,0xA7CD,0xBF9E,0x78B2,0xC594,0x5E3E,0x4D49,0xB00B,0xEC58,0xCD01,0xD503,0x701A,0x71E9,0x2F66,0x6F4F,0x6DA5,0xE498,0x1552,0x170E,0x5C28,0x9AAD,0x7023,0x9DEF,0x85E3,0x0232,0x56C6,0x9038,0x25BB,0x1127,0x5C81,0xF47C
01:28:45,46.133,1,8010,RT->BC,A,6BC0 03-T-44-84,6BC0 03-T-44-84-->,100,0,32,0xFA17,0xA323,0xC0DE,0x2262,0x63BC,0x4200,0x7E8E,0x7C80,0x7038,0x90C0,0xAD93,0x2B4A,0xA0B4,0x93C7,0xE6C5,0xDDB4,0x6F75,0xFF3F,0xD16C,0x3F88,0xC797,0x9344,0x6DFD,0xA2CF,0xE59A,0x21EF,0x72B2,0xD83F,0xD2EE,0x16C7,0x7CA5,0xACF9
01:29:31,11.883,2,8010,BC->RT,C,1BC0 07-T-62-47,1BC0 07-T-62-47-->,400,0,32,0x8D1F,0x4EBF,0xA88E,0x7F8E,0x2B5D,0xEA35,0x5AA1,0x03F7,0xC757,0x95CD,0x261A,0x5359,0x58ED,0x1474,0x1B7A,0x0B76,0x4B8E,0x299C,0x33D2,0x39E7,0xF8B2,0x7385,0x185E,0x1963,0x3DF2,0xEB8D,0xD7ED,0x7194,0x6780,0x4724,0x17D4,0xAA06
01:29:42,21.411,2,8000,BC->RT,B,8BC0 10-T-88-47,8BC0 10-T-88-47-->,500,0,32,0x84CC,0xB803,0xA7CA,0xC940,0xC67D,0xDEB2,0x6055,0x8F36,0xE0CA,0x3237,0x6A3A,0x33E6,0xDF9A,0x9448,0x6491,0x66D6,0xE669,0x5945,0x4424,0xC074,0x8038,0xE8B5,0xDCCA,0xCE12,0x9A88,0x2AF7,0xA5FD,0x993A,0x05C9,0xC32D,0xE6E2,0x46B0
01:30:03,74.456,1,8001,RT->BA,B,4BC0 08-T-79-82,4BC0 08-T-79-82-->,0,0,32,0xF6B1,0x1440,0xFCA5,0xAE35,0x288E,0x58F5,0xB097,0xE685,0x21D7,0xDDD3,0xF767,0x0BF7,0x362F,0x9551,0x2801,0x1325,0xF1BC,0xBDB2,0xF50B,0xD4BC,0xD3A3,0x0285,0x94AD,0x135B,0x90CC,0xAA6E,0x6E0A,0xB734,0xC4BA,0xF9BD,0x1EB4,0x485C
01:31:17,12.603,2,8000,BC->RT,C,CBC0 06-T-91-34,CBC0 06-T-91-34-->,100,0,32,0xEF2D,0x6254,0x101E,0xA8BA,0xC56B,0x7327,0x337B,0x5AC8,0x8CF9,0xAC0F,0xA00A,0x0EDC,0xF041,0x0FCF,0xAA3C,0x377D,0x06FF,0x23BD,0xCD88,0x1C5D,0xDD7F,0x4242,0x56E7,0x3295,0xB4DD,0xF8C3,0xA15B,0x50BC,0xE68C,0xA0E5,0xCBEE,0x1D68
01:31:29,89.193,1,8010,BC->RT,A,BBC0 10-T-47-22,BBC0 10-T-47-22-->,200,0,32,0x71D5,0xB9B3,0x966E,0x21B8,0x65B4,0x6213,0x0036,0x57A6,0x6E4E,0xB291,0x9588,0x132C,0x1B06,0xB9F4,0x0054,0x1148,0x97E6,0x62A1,0xD5DC,0x7D99,0x649C,0x9226,0xACA6,0x12A5,0x950E,0x1337,0x97BB,0x8DAA,0x2A1E,0xDD44,0x0A04,0xDA8B
01:32:58,83.892,2,8000,RT->BA,D,4BC0 02-T-96-69,4BC0 02-T-96-69-->,600,0,32,0x664D,0x05B4,0xC365,0x0065,0x0CC1,0x7B80,0x70A7,0xC292,0xB862,0x1346,0x62C0,0x0205,0x1D33,0x3139,0x5BF7,0xCCD3,0xA727,0x929D,0x2BB8,0xC2F5,0x6F78,0x97DF,0x0A94,0x5932,0x8681,0x1ED6,0x66D6,0x89C5,0x5369,0xA112,0x4F04,0x40C8
01:34:21,51.713,2,8000,BC->RT,D,9BC0 04-T-56-82,9BC0 04-T-56-82-->,600,0,32,0x7BB8,0x49CD,0x6E7B,0x1F47,0xB3A6,0xD901,0x757A,0xC2A0,0x9934,0xCCF2,0x1593,0x456F,0x6EC1,0x307E,0xB204,0x765D,0x9872,0x343C,0x442B,0xE03D,0xE533,0x9D64,0x4254,0x0FF0,0x7595,0x92F7,0xF1FD,0x1CC6,0x1BC2,0x0F35,0x1F2E,0xE27B
01:35:12,43.084,1,8000,BC->RT,C,6BC0 04-T-18-28,6BC0 04-T-18-28-->,400,0,32,0x07BF,0xCC6B,0x508E,0x7668,0x0B15,0x839B,0x4849,0x0455,0x7507,0x9E9E,0x84FD,0x473E,0xDF1D,0x35D4,0x1478,0x4323,0xA483,0xF522,0x8CD7,0x980A,0xCB1E,0xA183,0x6C89,0x8313,0x6226,0xAA89,0x15D7,0x81B0,0xC157,0x87C2,0xC447,0x085B
01:35:55,72.037,1,8000,RT->AB,B,8BC0 08-T-38-37,8BC0 08-T-38-37-->,800,0,32,0xDCCD,0x0329,0x5A47,0xA99E,0x4CDE,0x3142,0x9401,0xF1CF,0x801E,0x8370,0x4EA5,0x9F58,0xD203,0x3E67,0x4D28,0x0D98,0xDFB0,0x3F5D,0x48C8,0xC24E,0x8E62,0x8FEB,0xFE66,0xB53A,0x73C1,0xC458,0x6D3D,0xD6E4,0x1061,0xA2F2,0xB125,0x6359
01:37:07,43.728,3,8000,BC->RT,D,8BC0 09-T-21-40,8BC0 09-T-21-40-->,300,0,32,0xF7DC,0x7FC4,0x6031,0xE71F,0x1508,0xFE47,0x6F95,0x7DB3,0x4AEB,0x0D06,0x4F43,0x80D2,0x9B1B,0x9515,0x1507,0x4029,0xB226,0x5CCC,0x9FFA,0x749E,0xD967,0x827E,0x3565,0x6163,0xD5F5,0x9544,0xC613,0xCAFE,0xDA4F,0x1319,0x263E,0x3FD7
01:37:50,11.796,2,8010,RT->AB,A,0BC0 05-T-95-12,0BC0 05-T-95-12-->,700,0,32,0x4A9B,0xB2E6,0xD3A6,0xDBA3,0x2DB0,0x0BEB,0x3A3C,0xA660,0xB37F,0x17E6,0x30ED,0x3427,0xC7A3,0x1160,0xD92E,0xF0DA,0xA79D,0x62CF,0xF05B,0x70EE,0xFE05,0xDB56,0xE34D,0x30C9,0xFE83,0xE1AA,0xF031,0x3D35,0xB2BB,0xAE4C,0x7AA1,0x3CB0
01:38:01,57.954,2,8000,RT->AB,A,3BC0 10-T-93-73,3BC0 10-T-93-73-->,300,0,32,0xEC77,0x9E8A,0x7C2C,0x5F4C,0xDF63,0xC7BE,0x3F45,0x6C98,0x51C5,0x15E8,0xF899,0x7E57,0xB3E0,0x18FA,0x3EC2,0xEC8C,0x2440,0xC9D8,0xB775,0x5E7D,0x5199,0x44D4,0x7811,0x2B9E,0xE53D,0x7EEE,0xB4F4,0x19B4,0xB8A6,0xD46E,0xF4DB,0x7284
01:38:58,22.681,2,8000,RT->BA,A,FBC0 04-T-49-19,FBC0 04-T-49-19-->,600,0,32,0xFCD4,0xCDA3,0x2180,0xA2C2,0xA29F,0x8EEE,0x8687,0xC15B,0x642C,0x87E2,0x5592,0xB158,0x9797,0x3FEE,0x3DF9,0xF7E0,0x7083,0xDC79,0x5673,0x9E06,0x9571,0x9290,0xC871,0xCCFE,0x06D8,0xA86F,0x5EFA,0x71A0,0xD098,0x682C,0xCDB1,0xBEEE
01:39:20,46.639,2,8010,RT->AB,D,1BC0 01-T-73-66,1BC0 01-T-73-66-->,400,0,32,0xE116,0x54DB,0x3433,0xCBCF,0x0F06,0x9C56,0xFEB0,0xB78B,0xBA0E,0x31DC,0x70A2,0xA5E0,0x2164,0x8F3B,0x4541,0x0CB7,0xDE15,0x4201,0x6FC5,0xDB8D,0x1A5B,0xA038,0x41BD,0x52BC,0xA125,0x3261,0xC36C,0x66D8,0xAB49,0x85C2,0xC318,0x3CD1
01:40:06,47.534,2,8010,RT->AB,C,8BC0 08-T-10-14,8BC0 08-T-10-14-->,500,0,32,0x33FC,0x21B8,0x9563,0x4A0E,0x089D,0x919D,0xAD61,0x5A6C,0xCE7D,0x1C6E,0x067B,0x7045,0x1E09,0xACDC,0x9BCC,0xAAFC,0x3286,0xCFE8,0xECF1,0xA64C,0x202B,0x7A45,0x2A88,0x4D07,0xFA28,0x6266,0x56D4,0x8357,0x5836,0x985B,0xBF4D,0x1376
01:40:53,34.408,2,8010,RT->BC,B,5BC0 01-T-68-20,5BC0 01-T-68-20-->,200,0,32,0x7515,0x60DA,0x3F07,0x0B90,0xA5FE,0x2E0D,0xF89D,0x69C4,0xACC5,0x00AD,0x7B06,0xBA39,0xAE1C,0xE003,0xA4B3,0x29CA,0x57EF,0x942B,0x0E12,0x9584,0xC688,0xB87C,0x2C3B,0x7960,0xFCE7,0x0CC2,0x6247,0x3C90,0x7DC4,0xD8C9,0x8AF5,0x9411
01:41:27,18.515,3,8001,RT->AB,C,0BC0 01-T-65-24,0BC0 01-T-65-24-->,800,0,32,0x9CC4,0x0C20,0xEFE3,0x9ABF,0xC095,0x0E8A,0x0045,0x37E5,0x0779,0xEE67,0xE6A4,0xDC29,0x009B,0x57B5,0x0771,0xD913,0xA2C9,0xED1D,0x9A22,0x033E,0xCE2F,0xFBDC,0xE6B9,0x6C11,0x1BB5,0x42E9,0xE323,0x3297,0x310C,0xF6DE,0x8BF4,0x2A6E
01:41:45,59.164,2,8010,RT->BC,A,1BC0 03-T-35-12,1BC0 03-T-35-12-->,900,0,32,0x2E6C,0x8FB3,0x2C86,0xE3CA,0x2DDE,0x1A41,0xAE98,0x5A5A,0x6C32,0xC8D0,0xABAC,0xC397,0xA7F0,0x3960,0xA8FC,0x3D3B,0x6CAA,0x3055,0x1A0D,0x0786,0x1C27,0x9009,0xB9E6,0x52B6,0xDB5B,0x3BD9,0xDB56,0x9B10,0x3D77,0x008F,0x299F,0xCE0F
01:42:44,20.038,1,8001,RT->BC,B,BBC0 05-T-21-30,BBC0 05-T-21-30-->,900,0,32,0xAD1A,0x9D60,0x1813,0x1C0B,0x5AFB,0xF56A,0x38D4,0x50CC,0xC948,0xF725,0xE027,0x0CE2,0x4CA6,0x924C,0xA1F0,0x22A1,0x8F93,0x5FDD,0x7EBF,0x7CE7,0x5C12,0x39EB,0xA148,0x58C7,0x758C,0xD886,0x5697,0xFADB,0x2D2F,0xCD01,0x2EFC,0xA61E
